,corr_SalePrice
OverallQual,0.7856
GrLivArea,0.6957
GarageCars,0.641
GarageArea,0.6241
TotalBsmtSF,0.5978
1stFlrSF,0.5879
FullBath,0.5525
TotRmsAbvGrd,0.5204
YearBuilt,0.5165
YearRemodAdd,0.5086
GarageYrBlt,0.4804
MasVnrArea,0.4591
Fireplaces,0.4575
BsmtFinSF1,0.3595
LotFrontage,0.3301
WoodDeckSF,0.3298
2ndFlrSF,0.314
OpenPorchSF,0.3
HalfBath,0.2805
LotArea,0.2662
BsmtFullBath,0.2263
BsmtUnfSF,0.2225
BedroomAbvGr,0.1562
ScreenPorch,0.1192
PoolArea,0.1156
3SsnPorch,0.0515
MoSold,0.0419
BsmtFinSF2,-0.0057
YrSold,-0.0091
LowQualFinSF,-0.0112
MiscVal,-0.0202
BsmtHalfBath,-0.0483
OverallCond,-0.0744
MSSubClass,-0.0881
KitchenAbvGr,-0.1428
EnclosedPorch,-0.1495
